{"cameraMode":{"drawMode":0,"name":"Shaded","section":"Shading Mode"},"sceneLighting":false,"audioPlay":false,"sceneViewState":{"showFog":true,"showMaterialUpdate":true,"showSkybox":false,"showFlares":true,"showImageEffects":true,"showParticleSystems":true},"in2DMode":false,"pivot":{"x":2.3027212619781496,"y":7.692981719970703,"z":-9.018325805664063},"rotation":{"x":-0.15089534223079682,"y":-0.018378986045718194,"z":0.0028059384785592558,"w":-0.988377034664154},"size":2.8578836917877199,"orthographic":false}